0,001ca53d.wav,Saxophone
1,0033e230.wav,Glockenspiel
2,00353774.wav,Cello
3,003da8e5.wav,Knock
4,0048fd00.wav,Gunshot_or_gunfire
5,006f2f32.wav,Hi-hat
6,0091fc7f.wav,Cello
7,0097160c.wav,Laughter
8,00c934d7.wav,Laughter
9,00cb787c.wav,Flute
10,00d3bba3.wav,Telephone
11,00e2b4cd.wav,Bark
12,00f88dc5.wav,Glockenspiel
13,011a2185.wav,Cello
14,01257aad.wav,Scissors
15,0160d55e.wav,Gong
16,0172a2a5.wav,Microwave_oven
17,018b1df6.wav,Shatter
18,019d2a2c.wav,Bark
19,01a59c11.wav,Harmonica
20,01b9f44a.wav,Telephone
21,01c2f88b.wav,Bass_drum
22,01d4dafd.wav,Harmonica
23,01e723f5.wav,Harmonica
24,01ee18fd.wav,Microwave_oven
25,01f2e70b.wav,Gunshot_or_gunfire
26,01fc4661.wav,Oboe
27,020eb9f6.wav,Bark
28,022a3507.wav,Bus
29,022cc908.wav,Knock
30,024a193f.wav,Laughter
31,024c4c6d.wav,Bass_drum
32,024da466.wav,Tambourine
33,0256c2f2.wav,Keys_jangling
34,025f3fd2.wav,Hi-hat
35,025f7eac.wav,Knock
36,027482e2.wav,Electric_piano
37,027aa77c.wav,Clarinet
38,027aee2a.wav,Fireworks
39,027cd3fd.wav,Meow
40,0286fc27.wav,Double_bass
41,029ee867.wav,Gunshot_or_gunfire
42,02a3243a.wav,Telephone
43,02d367e4.wav,Clarinet
44,02d6b747.wav,Cough
45,02e9392e.wav,Tambourine
46,02eed858.wav,Harmonica
47,0356dec7.wav,Acoustic_guitar
48,03a01285.wav,Knock
49,03b4aca1.wav,Meow
50,03bb1c33.wav,Glockenspiel
51,03fc1f96.wav,Bass_drum
52,041396a9.wav,Laughter
53,04186a03.wav,Violin_or_fiddle
54,0446a487.wav,Snare_drum
55,044be615.wav,Violin_or_fiddle
56,0459f90f.wav,Squeak
57,0496718e.wav,Finger_snapping
58,04a19a27.wav,Writing
59,04a7003c.wav,Knock
60,04ad9aa5.wav,Knock
61,051138fc.wav,Finger_snapping
62,05149415.wav,Knock
63,052789c8.wav,Fireworks
64,05561612.wav,Cello
65,0556be76.wav,Violin_or_fiddle
66,058b98f0.wav,Telephone
67,05a3154f.wav,Oboe
68,05bc162b.wav,Gunshot_or_gunfire
69,05d54a68.wav,Trumpet
70,05e4028a.wav,Saxophone
71,05ef46ec.wav,Double_bass
72,05f2c2a6.wav,Clarinet
73,060ba089.wav,Finger_snapping
74,060e13d6.wav,Trumpet
75,060fab76.wav,Electric_piano
76,06487815.wav,Drawer_open_or_close
77,06730f97.wav,Trumpet
78,06789937.wav,Saxophone
79,06959969.wav,Tambourine
80,06b278f7.wav,Harmonica
81,06b89bf9.wav,Violin_or_fiddle
82,06b9dc31.wav,Finger_snapping
83,06c48eab.wav,Hi-hat
84,06d0d6e4.wav,Scissors
85,06d2b52b.wav,Cowbell
86,06ed75a7.wav,Gong
87,06f60188.wav,Saxophone
88,0716126b.wav,Harmonica
89,071803a0.wav,Cello
90,071efb95.wav,Bass_drum
91,0720ef3b.wav,Saxophone
92,07211dfa.wav,Trumpet
93,0738f99f.wav,Oboe
94,074e2f09.wav,Hi-hat
95,07762f74.wav,Tearing
96,0779162e.wav,Finger_snapping
97,0784c182.wav,Knock
98,078f7ac0.wav,Hi-hat
99,079968f4.wav,Clarinet
100,07ce4408.wav,Gunshot_or_gunfire
101,07db7f16.wav,Flute
102,07f16007.wav,Cello
103,080bffb7.wav,Writing
104,081a3386.wav,Fart
105,081c263d.wav,Keys_jangling
106,085652af.wav,Oboe
107,086e6a35.wav,Fart
108,087f12b6.wav,Cowbell
109,0886c767.wav,Chime
110,08894340.wav,Double_bass
111,088d3f95.wav,Harmonica
112,08a68ba1.wav,Acoustic_guitar
113,08b54ed0.wav,Burping_or_eructation
114,08b88eb7.wav,Violin_or_fiddle
115,08d931c3.wav,Computer_keyboard
116,090e1d30.wav,Cowbell
117,09158810.wav,Tambourine
118,0920512f.wav,Tearing
119,0933c357.wav,Gunshot_or_gunfire
120,095138e2.wav,Oboe
121,0958751e.wav,Hi-hat
122,097b5ab0.wav,Knock
123,0994e80c.wav,Computer_keyboard
124,099ce615.wav,Squeak
125,09a1cfd7.wav,Hi-hat
126,09a585bf.wav,Keys_jangling
127,09a7dc35.wav,Cowbell
128,09b8a126.wav,Violin_or_fiddle
129,09b901f8.wav,Computer_keyboard
130,09ea5276.wav,Trumpet
131,0a2a5c05.wav,Burping_or_eructation
132,0a366772.wav,Writing
133,0a484e9f.wav,Writing
134,0a49afad.wav,Fireworks
135,0a54c770.wav,Bus
136,0a6bba04.wav,Cowbell
137,0a6dbf2c.wav,Finger_snapping
138,0a8ac55d.wav,Tambourine
139,0a925754.wav,Telephone
140,0aa17642.wav,Knock
141,0aad0a16.wav,Gunshot_or_gunfire
142,0aaed52b.wav,Fart
143,0acba147.wav,Computer_keyboard
144,0ad0bf22.wav,Saxophone
145,0ad666e3.wav,Saxophone
146,0b05208c.wav,Electric_piano
147,0b1f22c3.wav,Saxophone
148,0b3c0588.wav,Finger_snapping
149,0b7044b0.wav,Burping_or_eructation
150,0b82b3a5.wav,Clarinet
151,0b92a7e0.wav,Chime
152,0ba6976e.wav,Clarinet
153,0ba927cd.wav,Hi-hat
154,0bab86ae.wav,Violin_or_fiddle
155,0bc522f3.wav,Keys_jangling
156,0bca94ec.wav,Glockenspiel
157,0bd9f47b.wav,Laughter
158,0c0f796c.wav,Meow
159,0c27360a.wav,Gunshot_or_gunfire
160,0c2f1a54.wav,Finger_snapping
161,0c3044b3.wav,Saxophone
162,0c36c39a.wav,Saxophone
163,0c3bdc12.wav,Fart
164,0c4f2a87.wav,Oboe
165,0c547bc4.wav,Violin_or_fiddle
166,0c67f402.wav,Snare_drum
167,0c6a3500.wav,Bus
168,0c7ae294.wav,Applause
169,0ca8b59b.wav,Laughter
170,0cdfa126.wav,Laughter
171,0d2047b5.wav,Drawer_open_or_close
172,0d481dea.wav,Glockenspiel
173,0d661b19.wav,Telephone
174,0d79765a.wav,Bark
175,0d804b40.wav,Applause
176,0d9f6c10.wav,Burping_or_eructation
177,0da0c554.wav,Double_bass
178,0da527a6.wav,Violin_or_fiddle
179,0dbdffe2.wav,Fireworks
180,0dc26ae9.wav,Laughter
181,0ddb4bdf.wav,Bass_drum
182,0de99488.wav,Microwave_oven
183,0e2ec031.wav,Gunshot_or_gunfire
184,0e3aa5cf.wav,Shatter
185,0e451691.wav,Drawer_open_or_close
186,0e4583d5.wav,Shatter
187,0e5cab29.wav,Tearing
188,0e645225.wav,Bus
189,0e6e1f35.wav,Chime
190,0e7cd4eb.wav,Violin_or_fiddle
191,0e979b8c.wav,Cowbell
192,0e9cb14e.wav,Fireworks
193,0ed06544.wav,Hi-hat
194,0ede064f.wav,Gunshot_or_gunfire
195,0eeaebcb.wav,Acoustic_guitar
196,0ef9a602.wav,Hi-hat
197,0f23d7e4.wav,Tearing
198,0f2903db.wav,Chime
199,0f2ab678.wav,Electric_piano
200,0f36e49a.wav,Cowbell
201,0f5286d1.wav,Microwave_oven
202,0fa61324.wav,Flute
203,0fafb777.wav,Microwave_oven
204,0fd52405.wav,Burping_or_eructation
205,0fe6c47d.wav,Oboe
206,1023facf.wav,Shatter
207,102db6b4.wav,Flute
208,103b9ed4.wav,Oboe
209,103eceae.wav,Writing
210,103f29e5.wav,Double_bass
211,104f8672.wav,Glockenspiel
212,10550a6f.wav,Gong
213,105a8017.wav,Tambourine
214,105f4e16.wav,Finger_snapping
215,10b0e98b.wav,Writing
216,10da16fb.wav,Acoustic_guitar
217,10e3e4eb.wav,Telephone
218,1131892a.wav,Telephone
219,113c5e2f.wav,Drawer_open_or_close
220,11710c08.wav,Tambourine
221,1176bda6.wav,Cello
222,11798f57.wav,Cello
223,117e4577.wav,Trumpet
224,118413f9.wav,Fireworks
225,11a06e06.wav,Burping_or_eructation
226,11ab15ee.wav,Scissors
227,11c90896.wav,Cowbell
228,11d883c3.wav,Computer_keyboard
229,11e3ffde.wav,Burping_or_eructation
230,11e63946.wav,Laughter
231,11f33ae4.wav,Cough
232,11f7fc13.wav,Clarinet
233,11fab0b0.wav,Shatter
234,11fbd6c2.wav,Tambourine
235,1207a675.wav,Drawer_open_or_close
236,120e0846.wav,Bark
237,12198b88.wav,Bass_drum
238,121d766e.wav,Oboe
239,1220471f.wav,Flute
240,125194b0.wav,Burping_or_eructation
241,125e6ccf.wav,Cello
242,129439fd.wav,Bus
243,129dc328.wav,Double_bass
244,12a38093.wav,Electric_piano
245,12d4ec7c.wav,Trumpet
246,13043bab.wav,Fireworks
247,1304d545.wav,Burping_or_eructation
248,1329c048.wav,Drawer_open_or_close
249,134df575.wav,Chime
250,1356f987.wav,Trumpet
251,1373fdab.wav,Fart
252,1374fcda.wav,Flute
253,13798190.wav,Telephone
254,13903b82.wav,Meow
255,1393c9e0.wav,Oboe
256,139c42cb.wav,Flute
257,13ac472f.wav,Writing
258,13da16ae.wav,Double_bass
259,140027c6.wav,Telephone
260,14041f9a.wav,Acoustic_guitar
261,1415b8b9.wav,Gong
262,142dac40.wav,Glockenspiel
263,14303ca5.wav,Acoustic_guitar
264,143f37eb.wav,Tambourine
265,14577fc0.wav,Laughter
266,14684ee8.wav,Trumpet
267,1472a525.wav,Shatter
268,1498eb6e.wav,Squeak
269,149ca673.wav,Acoustic_guitar
270,14ef39a2.wav,Meow
271,14f13e6f.wav,Finger_snapping
272,151b80e7.wav,Computer_keyboard
273,15373464.wav,Microwave_oven
274,154df401.wav,Cello
275,155b4487.wav,Keys_jangling
276,159ea1c3.wav,Tearing
277,15aebea5.wav,Shatter
278,15b439e3.wav,Tearing
279,15b4b254.wav,Glockenspiel
280,15ba13c4.wav,Acoustic_guitar
281,15f7e867.wav,Bass_drum
282,160c92d7.wav,Acoustic_guitar
283,162276f0.wav,Clarinet
284,1640b1f9.wav,Burping_or_eructation
285,16488606.wav,Fireworks
286,1648effc.wav,Electric_piano
287,164fc190.wav,Drawer_open_or_close
288,16568e3d.wav,Glockenspiel
289,166269ab.wav,Tambourine
290,167a4cd4.wav,Scissors
291,16854911.wav,Chime
292,16c8384b.wav,Bus
293,16c9a838.wav,Acoustic_guitar
294,16d7ab94.wav,Trumpet
295,16d8450e.wav,Chime
296,16d90624.wav,Fireworks
297,16db8d97.wav,Glockenspiel
298,16e4d91a.wav,Bark
299,16f26de0.wav,Electric_piano
300,170950ce.wav,Drawer_open_or_close
301,170eeda2.wav,Applause
302,1719d5f5.wav,Fart
303,172e4f11.wav,Cowbell
304,17429629.wav,Harmonica
305,1760ba6f.wav,Meow
306,176cd35e.wav,Chime
307,17d5e08b.wav,Gong
308,17fe000f.wav,Writing
309,18267e3e.wav,Flute
310,182d509a.wav,Cough
311,18479aa7.wav,Chime
312,18683b52.wav,Bark
313,18829f93.wav,Cough
314,18838b94.wav,Fart
315,18865530.wav,Flute
316,188b88ed.wav,Microwave_oven
317,189c2ac2.wav,Double_bass
318,18a7dc51.wav,Shatter
319,18a7f8c5.wav,Scissors
320,18ab257b.wav,Bark
321,18c0fa51.wav,Bark
322,18e0f7ac.wav,Bark
323,18ee96a7.wav,Tearing
324,18f825ef.wav,Gong
325,1907767f.wav,Writing
326,19105b8a.wav,Clarinet
327,192c2ba5.wav,Writing
328,19389aaf.wav,Flute
329,19393972.wav,Chime
330,197fe6b5.wav,Keys_jangling
331,19893aa8.wav,Double_bass
332,19974149.wav,Harmonica
333,19f74365.wav,Microwave_oven
334,19f8e665.wav,Fart
335,1a15e4f1.wav,Fart
336,1a7d3f2d.wav,Double_bass
337,1a8b216e.wav,Gong
338,1aa5b354.wav,Harmonica
339,1b17feba.wav,Drawer_open_or_close
340,1b643c7f.wav,Bus
341,1b66a9f0.wav,Cowbell
342,1b813314.wav,Gong
343,1b9c5af1.wav,Drawer_open_or_close
344,1bbdae38.wav,Gong
345,1bc8eae1.wav,Snare_drum
346,1bcb3c6f.wav,Electric_piano
347,1bec87d9.wav,Fart
348,1c3b61c8.wav,Bus
349,1c3d00bf.wav,Electric_piano
350,1c4c0a51.wav,Gong
351,1c76a229.wav,Clarinet
352,1c8943c0.wav,Microwave_oven
353,1c9a423f.wav,Snare_drum
354,1d26c5e5.wav,Electric_piano
355,1d542616.wav,Keys_jangling
356,1e0c7af2.wav,Snare_drum
357,1e15cc3b.wav,Squeak
358,1e275fbc.wav,Computer_keyboard
359,1e3391d5.wav,Snare_drum
360,1f095666.wav,Fireworks
361,1f44f184.wav,Squeak
362,1ff0766e.wav,Squeak
363,2013a12f.wav,Snare_drum
364,20792ffd.wav,Shatter
365,20890d27.wav,Cough
366,208ddbdd.wav,Bus
367,2094a55d.wav,Bus
368,2094b896.wav,Shatter
369,2097b6c7.wav,Tearing
370,20e4c84a.wav,Keys_jangling
371,20fb2252.wav,Squeak
372,21e43f5b.wav,Applause
373,2232ce13.wav,Tearing
374,229be2be.wav,Snare_drum
375,22e1c02c.wav,Snare_drum
376,236648d4.wav,Squeak
377,23e8ac90.wav,Scissors
378,24dfdfa5.wav,Squeak
379,254d9054.wav,Snare_drum
380,266a279f.wav,Cough
381,26ee3a88.wav,Tearing
382,26f2aaee.wav,Keys_jangling
383,272be2e3.wav,Applause
384,275018bb.wav,Keys_jangling
385,275f51c0.wav,Squeak
386,27a962c5.wav,Meow
387,283671c1.wav,Scissors
388,285a1825.wav,Scissors
389,28c13a63.wav,Cough
390,28d634e9.wav,Applause
391,2924977b.wav,Computer_keyboard
392,29b51ca2.wav,Microwave_oven
393,29dcc9de.wav,Scissors
394,29de4510.wav,Computer_keyboard
395,2a1540b1.wav,Meow
396,2c1af1c2.wav,Meow
397,2d189f89.wav,Computer_keyboard
398,2d46507b.wav,Scissors
399,2e35864b.wav,Meow
400,2e7a4dc2.wav,Cough
401,2ed7a267.wav,Bass_drum
402,2ee73a9d.wav,Applause
403,31102711.wav,Applause
404,331b3a0f.wav,Cough
405,33cdfcbc.wav,Bass_drum
406,354c7009.wav,Bass_drum
407,35669b76.wav,Applause
408,384e198d.wav,Cough
409,3ba2f20d.wav,Applause
